<?xml version="1.0" encoding="UTF-8" standalone="yes"?>
<beans xmlns="http://www.springframework.org/schema/beans" xmlns:ns2="http://www.ops4j.org/schema/wicket" xmlns:ns3="http://www.springframework.org/schema/osgi" xmlns:ns4="http://www.springframework.org/schema/tool" xmlns:xsi="http://www.w3.org/2001/XMLSchema-instance" xsi:schemaLocation="http://www.springframework.org/schema/beans http://www.springframework.org/schema/beans/spring-beans-2.5.xsd http://www.springframework.org/schema/osgi http://www.springframework.org/schema/osgi/spring-osgi.xsd http://www.ops4j.org/schema/wicket http://www.ops4j.org/schema/wicket/wicket.xsd ">
    <description>spring-security-demo UI : IdAU Configuration generated by Atricore Console on 23 Jan 2013 16:15:34 GMT</description>
    <ns2:application injectionSource="spring" mountPoint="/IDBUS-UI/SPRING-SECURITY-DEMO/SSO" applicationName="spring-security-demo-sso-ui" class="org.atricore.samples.springsecurity.idau.SSOUIApplication" id="spring-security-demo-sso-ui"/>
    <bean class="org.atricore.idbus.capabilities.sso.ui.WebAppConfig" name="spring-security-demo-sso-ui-cfg">
        <property name="appName">
            <value>spring-security-demo-sso-ui</value>
        </property>
        <property name="mountPoint">
            <value>/IDBUS-UI/SPRING-SECURITY-DEMO/SSO</value>
        </property>
        <property name="brandingId">
            <value>josso2-default-branding</value>
        </property>
    </bean>
    <ns3:service ref="spring-security-demo-sso-ui-cfg" interface="org.atricore.idbus.capabilities.sso.ui.WebAppConfig" id="spring-security-demo-sso-ui-cfg-osgi"/>
    <ns2:application injectionSource="spring" mountPoint="/IDBUS-UI/SPRING-SECURITY-DEMO/OPENID" applicationName="spring-security-demo-openid-ui" class="org.atricore.samples.springsecurity.idau.OpenIDUIApplication" id="spring-security-demo-openid-ui"/>
    <bean class="org.atricore.idbus.capabilities.sso.ui.WebAppConfig" name="spring-security-demo-openid-ui-cfg">
        <property name="appName">
            <value>spring-security-demo-openid-ui</value>
        </property>
        <property name="mountPoint">
            <value>/IDBUS-UI/SPRING-SECURITY-DEMO/OPENID</value>
        </property>
        <property name="brandingId">
            <value>josso2-default-branding</value>
        </property>
    </bean>
    <ns3:service ref="spring-security-demo-openid-ui-cfg" interface="org.atricore.idbus.capabilities.sso.ui.WebAppConfig" id="spring-security-demo-openid-ui-cfg-osgi"/>
</beans>
