<?xml version="1.0" encoding="UTF-8" standalone="yes"?>
<beans xmlns="http://www.springframework.org/schema/beans" xmlns:ns2="http://www.ops4j.org/schema/wicket" xmlns:ns3="http://www.springframework.org/schema/osgi" xmlns:ns4="http://www.springframework.org/schema/tool" xmlns:xsi="http://www.w3.org/2001/XMLSchema-instance" xsi:schemaLocation="http://www.springframework.org/schema/beans http://www.springframework.org/schema/beans/spring-beans-2.5.xsd http://www.springframework.org/schema/osgi http://www.springframework.org/schema/osgi/spring-osgi.xsd http://www.ops4j.org/schema/wicket http://www.ops4j.org/schema/wicket/wicket.xsd ">
    <description>idp1 : IdP Configuration generated by Atricore Identity Bus Server on 10 Feb 2014 19:31:38 GMT</description>
    <bean class="org.atricore.idbus.kernel.main.mediation.provider.IdentityProviderImpl" name="idp1">
        <property name="name">
            <value>idp1</value>
        </property>
        <property name="description">
            <value></value>
        </property>
        <property name="displayName">
            <value>idp1</value>
        </property>
        <property name="role">
            <value>{urn:oasis:names:tc:SAML:2.0:metadata}IDPSSODescriptor</value>
        </property>
        <property name="unitContainer">
            <ref bean="gaedemo-container"/>
        </property>
        <property name="cotManager">
            <ref bean="gaedemo-cot-manager"/>
        </property>
        <property name="stateManager">
            <ref bean="gaedemo-state-manager"/>
        </property>
        <property name="identityConfirmationEnabled">
            <value>false</value>
        </property>
        <property name="identityConfirmationPolicy">
            <value>simple-claim-channel-selection</value>
        </property>
        <property name="defaultFederationService">
            <ref bean="idp1-sso-default-svc"/>
        </property>
        <property name="provisioningTarget">
            <ref bean="iv1-pst"/>
        </property>
    </bean>
    <bean class="org.atricore.idbus.capabilities.sso.main.idp.SSOIDPMediator" name="idp1-samlr2-mediator">
        <property name="logMessages">
            <value>true</value>
        </property>
        <property name="metricsPrefix">
            <value>gaedemo/idp1</value>
        </property>
        <property name="auditingServer">
            <ref bean="auditing-server"/>
        </property>
        <property name="auditCategory">
            <value>com.atricore.demos.gae.audit.idp1</value>
        </property>
        <property name="artifactQueueManager">
            <ref bean="artifactQueueManager"/>
        </property>
        <property name="bindingFactory">
            <bean class="org.atricore.idbus.capabilities.sso.main.binding.SamlR2BindingFactory"/>
        </property>
        <property name="logger">
            <bean class="org.atricore.idbus.kernel.main.mediation.camel.logging.DefaultMediationLogger" name="idp1-mediation-logger">
                <property name="category">
                    <value>com.atricore.demos.gae.wire.idp1</value>
                </property>
                <property name="messageBuilders">
                    <list>
                        <bean class="org.atricore.idbus.capabilities.sso.main.binding.logging.SamlR2LogMessageBuilder"/>
                        <bean class="org.atricore.idbus.capabilities.sso.main.binding.logging.SSOLogMessageBuilder"/>
                        <bean class="org.atricore.idbus.kernel.main.mediation.camel.component.logging.CamelLogMessageBuilder"/>
                        <bean class="org.atricore.idbus.kernel.main.mediation.camel.component.logging.HttpLogMessageBuilder"/>
                    </list>
                </property>
            </bean>
        </property>
        <property name="errorUrl">
            <value>http://localhost:8081/IDBUS-UI/GAEDEMO/IDP1/SSO/ERROR</value>
        </property>
        <property name="warningUrl">
            <value>http://localhost:8081/IDBUS-UI/GAEDEMO/IDP1/SSO/WARN/POLICY-ENFORCEMENT</value>
        </property>
        <property name="dashboardUrl">
            <value></value>
        </property>
        <property name="signRequests">
            <value>false</value>
        </property>
        <property name="validateRequestsSignature">
            <value>false</value>
        </property>
        <property name="signer">
            <ref bean="idp1-samlr2-signer"/>
        </property>
        <property name="encrypter">
            <ref bean="idp1-samlr2-encrypter"/>
        </property>
        <property name="verifyUniqueIDs">
            <value>true</value>
        </property>
        <property name="idRegistry">
            <ref bean="gaedemo-samlr2-idregistry"/>
        </property>
        <property name="identityFlowContainer">
            <ref bean="identity-flow-container"/>
        </property>
        <property name="claimEndpointSelection">
            <value>gaedemo-idp1-claim-endpoint-selection</value>
        </property>
    </bean>
    <bean init-method="init" class="org.atricore.idbus.capabilities.sso.support.core.signature.JSR105SamlR2SignerImpl" name="idp1-samlr2-signer">
        <description/>
        <property name="keyResolver">
            <bean class="org.atricore.idbus.capabilities.sso.support.core.SSOKeystoreKeyResolver">
                <property name="keystoreType">
                    <value>JKS</value>
                </property>
                <property name="keystoreFile">
                    <value>classpath:com/atricore/demos/gae/idau/idp1/idp1-keystore.jks</value>
                </property>
                <property name="keystorePass">
                    <value>ATRICORE</value>
                </property>
                <property name="privateKeyAlias">
                    <value>josso-sp1</value>
                </property>
                <property name="privateKeyPass">
                    <value>ATRICORE</value>
                </property>
                <property name="certificateAlias">
                    <value>josso-sp1</value>
                </property>
            </bean>
        </property>
    </bean>
    <bean class="org.atricore.idbus.capabilities.sso.support.core.encryption.XmlSecurityEncrypterImpl" name="idp1-samlr2-encrypter">
        <property name="symmetricKeyAlgorithmURI">
            <value>http://www.w3.org/2001/04/xmlenc#aes128-cbc</value>
        </property>
        <property name="kekAlgorithmURI">
            <value>http://www.w3.org/2001/04/xmlenc#rsa-1_5</value>
        </property>
        <property name="keyResolver">
            <bean class="org.atricore.idbus.capabilities.sso.support.core.SSOKeystoreKeyResolver">
                <property name="keystoreType">
                    <value>JKS</value>
                </property>
                <property name="keystoreFile">
                    <value>classpath:com/atricore/demos/gae/idau/idp1/idp1-keystore.jks</value>
                </property>
                <property name="keystorePass">
                    <value>ATRICORE</value>
                </property>
                <property name="privateKeyAlias">
                    <value>josso-sp1</value>
                </property>
                <property name="privateKeyPass">
                    <value>ATRICORE</value>
                </property>
                <property name="certificateAlias">
                    <value>josso-sp1</value>
                </property>
            </bean>
        </property>
    </bean>
    <bean class="org.atricore.idbus.capabilities.sso.management.internal.IdentityProviderMBeanImpl" name="idp1-mbean">
        <property name="identityProvider">
            <ref bean="idp1"/>
        </property>
    </bean>
    <bean class="org.springframework.jmx.export.MBeanExporter" name="idp1-mbean-exporter">
        <property name="server">
            <ref bean="mBeanServer"/>
        </property>
        <property name="beans">
            <map>
                <entry value-ref="idp1-mbean" key-ref="idp1-mbean-key"/>
            </map>
        </property>
    </bean>
    <bean class="java.lang.String" name="idp1-mbean-key">
        <constructor-arg type="java.lang.String" index="0">
            <value>com.atricore.demos.gae.idau:type=IdentityProvider,name=gaedemo.idp1</value>
        </constructor-arg>
    </bean>
    <bean class="org.atricore.idbus.kernel.main.session.service.SSOSessionManagerImpl" name="idp1-session-manager">
        <property name="maxInactiveInterval">
            <value>30</value>
        </property>
        <property name="maxSessionsPerUser">
            <value>-1</value>
        </property>
        <property name="invalidateExceedingSessions">
            <value>false</value>
        </property>
        <property name="sessionMonitorInterval">
            <value>10000</value>
        </property>
        <property name="sessionIdGenerator">
            <bean class="org.atricore.idbus.kernel.main.session.service.SessionIdGeneratorImpl">
                <property name="algorithm">
                    <value>MD5</value>
                </property>
            </bean>
        </property>
        <property name="sessionStore">
            <bean init-method="init" class="org.atricore.idbus.idojos.ehcachesessionstore.EHCacheSessionStore">
                <property name="cacheManager">
                    <ref bean="gaedemo-cache-manager"/>
                </property>
                <property name="cacheName">
                    <value>gaedemo-idp1-sessionsCache</value>
                </property>
                <property name="listeners">
                    <list>
                        <ref bean="idp1-session-manager-monitor"/>
                        <ref bean="idp1-session-manager-stats"/>
                    </list>
                </property>
            </bean>
        </property>
        <property name="stats">
            <ref bean="idp1-session-manager-stats"/>
        </property>
        <property name="monitor">
            <ref bean="idp1-session-manager-monitor"/>
        </property>
        <property name="auditingServer">
            <ref bean="auditing-server"/>
        </property>
        <property name="auditCategory">
            <value>com.atricore.demos.gae.audit.idp1</value>
        </property>
    </bean>
    <bean class="org.atricore.idbus.idojos.ehcachesessionstore.EHCacheSessionMonitor" name="idp1-session-manager-monitor">
        <property name="cacheName">
            <value>gaedemo-idp1-sessionsCache</value>
        </property>
        <property name="manager">
            <ref bean="idp1-session-manager"/>
        </property>
    </bean>
    <bean class="org.atricore.idbus.idojos.ehcachesessionstore.EHCacheSessionStatistics" name="idp1-session-manager-stats">
        <property name="cacheName">
            <value>gaedemo-idp1-sessionsCache</value>
        </property>
        <property name="metricsPrefix">
            <value>gaedemo/idp1</value>
        </property>
        <property name="monitoringServer">
            <ref bean="monitoring-server"/>
        </property>
    </bean>
    <bean class="org.atricore.idbus.capabilities.sso.component.builtin.SimpleClaimEndpointSelection" name="gaedemo-idp1-claim-endpoint-selection">
        <constructor-arg type="java.lang.String" index="0">
            <value>gaedemo-idp1-claim-endpoint-selection</value>
        </constructor-arg>
        <constructor-arg type="int" index="1">
            <value>50</value>
        </constructor-arg>
    </bean>
    <bean class="org.atricore.idbus.capabilities.sso.component.builtin.SimpleIdentityConfirmationEndpointSelection" name="gaedemo-idp1-identity-confirmation-endpoint-selection">
        <constructor-arg type="java.lang.String" index="0">
            <value>gaedemo-idp1-identity-confirmation-endpoint-selection</value>
        </constructor-arg>
        <constructor-arg type="int" index="1">
            <value>0</value>
        </constructor-arg>
    </bean>
    <bean class="org.atricore.idbus.kernel.main.mediation.provider.FederationServiceImpl" name="idp1-sso-default-svc">
        <property name="serviceType">
            <value>urn:oasis:names:tc:SAML:2.0</value>
        </property>
        <property name="name">
            <value>idp1-sso-default-svc</value>
        </property>
        <property name="channel">
            <ref bean="idp1-sso-default-sp-channel"/>
        </property>
    </bean>
    <bean class="org.atricore.idbus.kernel.main.federation.metadata.ResourceCircleOfTrustMemberDescriptorImpl" name="idp1-md">
        <property name="id">
            <value>FS4fl7MhIFsCBowl7i4fC4UUUSc=</value>
        </property>
        <property name="alias">
            <value>http://localhost:8081/IDBUS/GAEDEMO/IDP1/SAML2/MD</value>
        </property>
        <property name="resource">
            <value>classpath:com/atricore/demos/gae/idau/idp1/idp1-samlr2-metadata.xml</value>
        </property>
        <property name="metadataIntrospector">
            <bean class="org.atricore.idbus.capabilities.sso.main.SamlR2MetadataDefinitionIntrospector"/>
        </property>
    </bean>
    <bean class="org.atricore.idbus.kernel.main.mediation.channel.SPChannelImpl" name="idp1-sso-default-sp-channel">
        <property name="name">
            <value>idp1-sso-default-sp-channel</value>
        </property>
        <property name="description">
            <value>idp1</value>
        </property>
        <property name="location">
            <value>http://localhost:8081/IDBUS/GAEDEMO/IDP1</value>
        </property>
        <property name="federatedProvider">
            <ref bean="idp1"/>
        </property>
        <property name="trustedProviders">
            <set>
                <ref bean="gaesp"/>
            </set>
        </property>
        <property name="sessionManager">
            <ref bean="idp1-session-manager"/>
        </property>
        <property name="member">
            <ref bean="idp1-md"/>
        </property>
        <property name="identityMediator">
            <ref bean="idp1-samlr2-mediator"/>
        </property>
        <property name="endpoints">
            <list>
                <bean class="org.atricore.idbus.kernel.main.mediation.endpoint.IdentityMediationEndpointImpl" name="idp1-sso-default-sp-channel-saml2-slo-http-post">
                    <property name="name">
                        <value>idp1-sso-default-sp-channel-saml2-slo-http-post</value>
                    </property>
                    <property name="type">
                        <value>{urn:oasis:names:tc:SAML:2.0:metadata}SingleLogoutService</value>
                    </property>
                    <property name="binding">
                        <value>urn:oasis:names:tc:SAML:2.0:bindings:HTTP-POST</value>
                    </property>
                    <property name="identityPlans">
                        <list>
                            <ref bean="idp1-sso-default-sp-channel-samlr2sloreq-to-samlr2resp-plan"/>
                            <ref bean="idp1-sso-default-sp-channel-samlr2sloreq-to-samlr2spsloreq-plan"/>
                        </list>
                    </property>
                </bean>
                <bean class="org.atricore.idbus.kernel.main.mediation.endpoint.IdentityMediationEndpointImpl" name="idp1-sso-default-sp-channel-saml2-slo-http-redirect">
                    <property name="name">
                        <value>idp1-sso-default-sp-channel-saml2-slo-http-redirect</value>
                    </property>
                    <property name="type">
                        <value>{urn:oasis:names:tc:SAML:2.0:metadata}SingleLogoutService</value>
                    </property>
                    <property name="binding">
                        <value>urn:oasis:names:tc:SAML:2.0:bindings:HTTP-Redirect</value>
                    </property>
                    <property name="identityPlans">
                        <list>
                            <ref bean="idp1-sso-default-sp-channel-samlr2sloreq-to-samlr2resp-plan"/>
                            <ref bean="idp1-sso-default-sp-channel-samlr2sloreq-to-samlr2spsloreq-plan"/>
                        </list>
                    </property>
                </bean>
                <bean class="org.atricore.idbus.kernel.main.mediation.endpoint.IdentityMediationEndpointImpl" name="idp1-sso-default-sp-channel-saml2-slo-soap">
                    <property name="name">
                        <value>idp1-sso-default-sp-channel-saml2-slo-soap</value>
                    </property>
                    <property name="type">
                        <value>{urn:oasis:names:tc:SAML:2.0:metadata}SingleLogoutService</value>
                    </property>
                    <property name="binding">
                        <value>urn:oasis:names:tc:SAML:2.0:bindings:SOAP</value>
                    </property>
                    <property name="identityPlans">
                        <list>
                            <ref bean="idp1-sso-default-sp-channel-samlr2sloreq-to-samlr2resp-plan"/>
                            <ref bean="idp1-sso-default-sp-channel-samlr2sloreq-to-samlr2spsloreq-plan"/>
                        </list>
                    </property>
                </bean>
                <bean class="org.atricore.idbus.kernel.main.mediation.endpoint.IdentityMediationEndpointImpl" name="idp1-sso-default-sp-channel-saml2-slo-local">
                    <property name="name">
                        <value>idp1-sso-default-sp-channel-saml2-slo-local</value>
                    </property>
                    <property name="type">
                        <value>{urn:oasis:names:tc:SAML:2.0:metadata}SingleLogoutService</value>
                    </property>
                    <property name="binding">
                        <value>urn:oasis:names:tc:SAML:2.0:bindings:LOCAL</value>
                    </property>
                    <property name="location">
                        <value>local://GAEDEMO/IDP1/SAML2/SLO/LOCAL</value>
                    </property>
                    <property name="identityPlans">
                        <list>
                            <ref bean="idp1-sso-default-sp-channel-samlr2sloreq-to-samlr2resp-plan"/>
                            <ref bean="idp1-sso-default-sp-channel-samlr2sloreq-to-samlr2spsloreq-plan"/>
                        </list>
                    </property>
                </bean>
                <bean class="org.atricore.idbus.kernel.main.mediation.endpoint.IdentityMediationEndpointImpl" name="idp1-sso-default-sp-channel-saml2-sso-http-post">
                    <property name="name">
                        <value>idp1-sso-default-sp-channel-saml2-sso-http-post</value>
                    </property>
                    <property name="type">
                        <value>{urn:oasis:names:tc:SAML:2.0:metadata}SingleSignOnService</value>
                    </property>
                    <property name="binding">
                        <value>urn:oasis:names:tc:SAML:2.0:bindings:HTTP-POST</value>
                    </property>
                    <property name="identityPlans">
                        <list>
                            <ref bean="idp1-sso-default-sp-channel-samlr2authnreq-to-samlr2resp-plan"/>
                            <ref bean="idp1-sso-default-sp-channel-samlr2authnstmt-to-samlr2assertion-plan"/>
                        </list>
                    </property>
                </bean>
                <bean class="org.atricore.idbus.kernel.main.mediation.endpoint.IdentityMediationEndpointImpl" name="idp1-sso-default-sp-channel-saml2-sso-http-redirect">
                    <property name="name">
                        <value>idp1-sso-default-sp-channel-saml2-sso-http-redirect</value>
                    </property>
                    <property name="type">
                        <value>{urn:oasis:names:tc:SAML:2.0:metadata}SingleSignOnService</value>
                    </property>
                    <property name="binding">
                        <value>urn:oasis:names:tc:SAML:2.0:bindings:HTTP-Redirect</value>
                    </property>
                    <property name="identityPlans">
                        <list>
                            <ref bean="idp1-sso-default-sp-channel-samlr2authnreq-to-samlr2resp-plan"/>
                            <ref bean="idp1-sso-default-sp-channel-samlr2authnstmt-to-samlr2assertion-plan"/>
                        </list>
                    </property>
                </bean>
                <bean class="org.atricore.idbus.kernel.main.mediation.endpoint.IdentityMediationEndpointImpl" name="idp1-sso-default-sp-channel-saml2-ar-soap">
                    <property name="name">
                        <value>idp1-sso-default-sp-channel-saml2-ar-soap</value>
                    </property>
                    <property name="type">
                        <value>{urn:oasis:names:tc:SAML:2.0:metadata}ArtifactResolutionService</value>
                    </property>
                    <property name="binding">
                        <value>urn:oasis:names:tc:SAML:2.0:bindings:SOAP</value>
                    </property>
                    <property name="identityPlans">
                        <list>
                            <ref bean="idp1-sso-default-sp-channel-samlr2artresolve-to-samlr2artresponse-plan"/>
                            <ref bean="idp1-sso-default-sp-channel-samlr2art-to-samlr2artresolve-plan"/>
                        </list>
                    </property>
                </bean>
                <bean class="org.atricore.idbus.kernel.main.mediation.endpoint.IdentityMediationEndpointImpl" name="idp1-sso-default-sp-channel-saml2-ar-local">
                    <property name="name">
                        <value>idp1-sso-default-sp-channel-saml2-ar-local</value>
                    </property>
                    <property name="type">
                        <value>{urn:oasis:names:tc:SAML:2.0:metadata}ArtifactResolutionService</value>
                    </property>
                    <property name="binding">
                        <value>urn:oasis:names:tc:SAML:2.0:bindings:LOCAL</value>
                    </property>
                    <property name="identityPlans">
                        <list>
                            <ref bean="idp1-sso-default-sp-channel-samlr2artresolve-to-samlr2artresponse-plan"/>
                            <ref bean="idp1-sso-default-sp-channel-samlr2art-to-samlr2artresolve-plan"/>
                        </list>
                    </property>
                </bean>
                <bean class="org.atricore.idbus.kernel.main.mediation.endpoint.IdentityMediationEndpointImpl" name="idp1-sso-default-sp-channel-saml11-ar-soap">
                    <property name="name">
                        <value>idp1-sso-default-sp-channel-saml11-ar-soap</value>
                    </property>
                    <property name="type">
                        <value>{urn:oasis:names:tc:SAML:2.0:metadata}ArtifactResolutionService</value>
                    </property>
                    <property name="binding">
                        <value>urn:oasis:names:tc:SAML:1.1:bindings:SOAP</value>
                    </property>
                    <property name="identityPlans">
                        <list>
                            <ref bean="idp1-sso-default-sp-channel-samlr2artresolve-to-samlr2artresponse-plan"/>
                            <ref bean="idp1-sso-default-sp-channel-samlr2art-to-samlr2artresolve-plan"/>
                        </list>
                    </property>
                </bean>
                <bean class="org.atricore.idbus.kernel.main.mediation.endpoint.IdentityMediationEndpointImpl" name="idp1-sso-default-sp-channel-idp-initiated-saml2">
                    <property name="name">
                        <value>idp1-sso-default-sp-channel-idp-initiated-saml2</value>
                    </property>
                    <property name="type">
                        <value>{urn:oasis:names:tc:SAML:2.0:metadata}SingleSignOnService</value>
                    </property>
                    <property name="binding">
                        <value>urn:org:atricore:idbus:sso:bindings:SAML:1:1:IDP-Initiated-SSO-http</value>
                    </property>
                    <property name="location">
                        <value>/SAML11/SSO/IDP_INITIATE</value>
                    </property>
                    <property name="identityPlans">
                        <list>
                            <ref bean="idp1-sso-default-sp-channel-samlr2idpinitiatedauthnreq-to-samlr2authnreq-plan"/>
                        </list>
                    </property>
                </bean>
                <bean class="org.atricore.idbus.kernel.main.mediation.endpoint.IdentityMediationEndpointImpl" name="idp1-sso-default-sp-channel-idp-initiated-saml11">
                    <property name="name">
                        <value>idp1-sso-default-sp-channel-idp-initiated-saml11</value>
                    </property>
                    <property name="type">
                        <value>{urn:oasis:names:tc:SAML:2.0:metadata}SingleSignOnService</value>
                    </property>
                    <property name="binding">
                        <value>urn:org:atricore:idbus:sso:bindings:SAML:2:0:IDP-Initiated-SSO-http</value>
                    </property>
                    <property name="location">
                        <value>/SAML2/SSO/IDP_INITIATE</value>
                    </property>
                    <property name="identityPlans">
                        <list>
                            <ref bean="idp1-sso-default-sp-channel-samlr2idpinitiatedauthnreq-to-samlr2authnreq-plan"/>
                        </list>
                    </property>
                </bean>
                <bean class="org.atricore.idbus.kernel.main.mediation.endpoint.IdentityMediationEndpointImpl" name="idp1-sso-default-sp-channel-sso-shb-soap">
                    <property name="name">
                        <value>idp1-sso-default-sp-channel-sso-shb-soap</value>
                    </property>
                    <property name="type">
                        <value>{urn:org:atricore:idbus:sso:metadata}IDPSessionHeartBeatService</value>
                    </property>
                    <property name="binding">
                        <value>urn:org:atricore:idbus:sso:bindings:SOAP</value>
                    </property>
                    <property name="location">
                        <value>/SSO/SSHB/SOAP</value>
                    </property>
                </bean>
                <bean class="org.atricore.idbus.kernel.main.mediation.endpoint.IdentityMediationEndpointImpl" name="idp1-sso-default-sp-channel-sso-shb-local">
                    <property name="name">
                        <value>idp1-sso-default-sp-channel-sso-shb-local</value>
                    </property>
                    <property name="type">
                        <value>{urn:org:atricore:idbus:sso:metadata}IDPSessionHeartBeatService</value>
                    </property>
                    <property name="binding">
                        <value>urn:org:atricore:idbus:sso:bindings:LOCAL</value>
                    </property>
                    <property name="location">
                        <value>local://GAEDEMO/IDP1/SSO/SSHB/LOCAL</value>
                    </property>
                </bean>
                <bean class="org.atricore.idbus.kernel.main.mediation.endpoint.IdentityMediationEndpointImpl" name="idp1-sso-default-sp-channel-sso-sso-http-artifact">
                    <property name="name">
                        <value>idp1-sso-default-sp-channel-sso-sso-http-artifact</value>
                    </property>
                    <property name="type">
                        <value>{urn:oasis:names:tc:SAML:2.0:metadata}SingleSignOnService</value>
                    </property>
                    <property name="binding">
                        <value>urn:org:atricore:idbus:sso:bindings:HTTP-Artifact</value>
                    </property>
                    <property name="location">
                        <value>/SSO/SSO/ARTIFACT</value>
                    </property>
                    <property name="identityPlans">
                        <list>
                            <ref bean="idp1-sso-default-sp-channel-samlr2authnreq-to-samlr2resp-plan"/>
                            <ref bean="idp1-sso-default-sp-channel-samlr2authnstmt-to-samlr2assertion-plan"/>
                        </list>
                    </property>
                </bean>
                <bean class="org.atricore.idbus.kernel.main.mediation.endpoint.IdentityMediationEndpointImpl" name="idp1-sso-default-sp-channel-sso-slo-soap">
                    <property name="name">
                        <value>idp1-sso-default-sp-channel-sso-slo-soap</value>
                    </property>
                    <property name="type">
                        <value>{urn:oasis:names:tc:SAML:2.0:metadata}SingleLogoutService</value>
                    </property>
                    <property name="binding">
                        <value>urn:org:atricore:idbus:sso:bindings:SOAP</value>
                    </property>
                    <property name="location">
                        <value>/SSO/SLO/SOAP</value>
                    </property>
                    <property name="identityPlans">
                        <list>
                            <ref bean="idp1-sso-default-sp-channel-samlr2sloreq-to-samlr2spsloreq-plan"/>
                        </list>
                    </property>
                </bean>
                <bean class="org.atricore.idbus.kernel.main.mediation.endpoint.IdentityMediationEndpointImpl" name="idp1-sso-default-sp-channel-sso-slo-local">
                    <property name="name">
                        <value>idp1-sso-default-sp-channel-sso-slo-local</value>
                    </property>
                    <property name="type">
                        <value>{urn:oasis:names:tc:SAML:2.0:metadata}SingleLogoutService</value>
                    </property>
                    <property name="binding">
                        <value>urn:org:atricore:idbus:sso:bindings:LOCAL</value>
                    </property>
                    <property name="location">
                        <value>local://GAEDEMO/IDP1/SSO/SLO/LOCAL</value>
                    </property>
                    <property name="identityPlans">
                        <list>
                            <ref bean="idp1-sso-default-sp-channel-samlr2sloreq-to-samlr2spsloreq-plan"/>
                        </list>
                    </property>
                </bean>
                <bean class="org.atricore.idbus.kernel.main.mediation.endpoint.IdentityMediationEndpointImpl" name="idp1-sso-default-sp-channel-sso-idpinitslo-http-redirect">
                    <property name="name">
                        <value>idp1-sso-default-sp-channel-sso-idpinitslo-http-redirect</value>
                    </property>
                    <property name="type">
                        <value>{urn:org:atricore:idbus:sso:metadata}IDPInitiatedSingleLogoutService</value>
                    </property>
                    <property name="binding">
                        <value>urn:org:atricore:idbus:sso:bindings:HTTP-Redirect</value>
                    </property>
                    <property name="location">
                        <value>/SSO/SLO/IDP_INITIATE</value>
                    </property>
                    <property name="identityPlans">
                        <list>
                            <ref bean="idp1-sso-default-sp-channel-samlr2sloreq-to-samlr2resp-plan"/>
                            <ref bean="idp1-sso-default-sp-channel-samlr2sloreq-to-samlr2spsloreq-plan"/>
                        </list>
                    </property>
                </bean>
            </list>
        </property>
        <property name="identityManager">
            <ref bean="idp1-identity-manager"/>
        </property>
        <property name="claimProviders">
            <list>
                <ref bean="idp1-basic-authn-claim-channel"/>
            </list>
        </property>
        <property name="securityTokenService">
            <ref bean="idp1-sts"/>
        </property>
    </bean>
    <bean class="org.atricore.idbus.capabilities.sso.main.idp.plans.SamlR2SloRequestToSamlR2RespPlan" name="idp1-sso-default-sp-channel-samlr2sloreq-to-samlr2resp-plan">
        <property name="bpmsManager">
            <ref bean="bpms-manager"/>
        </property>
    </bean>
    <bean class="org.atricore.idbus.capabilities.sso.main.idp.plans.SamlR2SloRequestToSpSamlR2SloRequestPlan" name="idp1-sso-default-sp-channel-samlr2sloreq-to-samlr2spsloreq-plan">
        <property name="bpmsManager">
            <ref bean="bpms-manager"/>
        </property>
    </bean>
    <bean class="org.atricore.idbus.capabilities.sso.main.idp.plans.SamlR2AuthnRequestToSamlR2ResponsePlan" name="idp1-sso-default-sp-channel-samlr2authnreq-to-samlr2resp-plan">
        <property name="bpmsManager">
            <ref bean="bpms-manager"/>
        </property>
    </bean>
    <bean class="org.atricore.idbus.capabilities.sso.main.emitter.plans.SamlR2SecurityTokenToAuthnAssertionPlan" name="idp1-sso-default-sp-channel-samlr2authnstmt-to-samlr2assertion-plan">
        <property name="bpmsManager">
            <ref bean="bpms-manager"/>
        </property>
        <property name="identityManager">
            <ref bean="idp1-identity-manager"/>
        </property>
        <property name="nameIDBuilders">
            <list>
                <bean class="org.atricore.idbus.capabilities.sso.main.emitter.plans.UnspecifiedNameIDBuiler"/>
                <bean class="org.atricore.idbus.capabilities.sso.main.emitter.plans.EmailNameIDBuilder"/>
            </list>
        </property>
        <property name="defaultNameIDBuilder">
            <bean class="org.atricore.idbus.capabilities.sso.main.emitter.plans.UnspecifiedNameIDBuiler"/>
        </property>
        <property name="ignoreRequestedNameIDPolicy">
            <value>true</value>
        </property>
    </bean>
    <bean class="org.atricore.idbus.capabilities.sso.main.binding.plans.SamlR2ArtifactResolveToSamlR2ArtifactResponsePlan" name="idp1-sso-default-sp-channel-samlr2artresolve-to-samlr2artresponse-plan">
        <property name="bpmsManager">
            <ref bean="bpms-manager"/>
        </property>
    </bean>
    <bean class="org.atricore.idbus.capabilities.sso.main.binding.plans.SamlR2ArtifactToSamlR2ArtifactResolvePlan" name="idp1-sso-default-sp-channel-samlr2art-to-samlr2artresolve-plan">
        <property name="bpmsManager">
            <ref bean="bpms-manager"/>
        </property>
    </bean>
    <bean class="org.atricore.idbus.capabilities.sso.main.idp.plans.IDPInitiatedAuthnReqToSamlR2AuthnReqPlan" name="idp1-sso-default-sp-channel-samlr2idpinitiatedauthnreq-to-samlr2authnreq-plan">
        <property name="bpmsManager">
            <ref bean="bpms-manager"/>
        </property>
    </bean>
    <bean class="org.atricore.idbus.kernel.main.mediation.claim.ClaimChannelImpl" name="idp1-basic-authn-claim-channel">
        <property name="priority">
            <value>1</value>
        </property>
        <property name="name">
            <value>idp1-basic-authn-claim-channel</value>
        </property>
        <property name="location">
            <value>http://localhost:8081/IDBUS/GAEDEMO/IDP1/CC/BASIC</value>
        </property>
        <property name="endpoints">
            <list>
                <bean class="org.atricore.idbus.kernel.main.mediation.endpoint.IdentityMediationEndpointImpl" name="idp1-basic-authn-claim-channel-cc-pwd-artifact">
                    <property name="name">
                        <value>idp1-basic-authn-claim-channel-cc-pwd-artifact</value>
                    </property>
                    <property name="binding">
                        <value>urn:org:atricore:idbus:sso:bindings:HTTP-Artifact</value>
                    </property>
                    <property name="location">
                        <value>/PWD/ARTIFACT</value>
                    </property>
                    <property name="responseLocation">
                        <value>/PWD/POST-RESP</value>
                    </property>
                    <property name="type">
                        <value>urn:oasis:names:tc:SAML:2.0:ac:classes:Password</value>
                    </property>
                </bean>
                <bean class="org.atricore.idbus.kernel.main.mediation.endpoint.IdentityMediationEndpointImpl" name="idp1-basic-authn-claim-channel-cc-pwd-post">
                    <property name="name">
                        <value>idp1-basic-authn-claim-channel-cc-pwd-post</value>
                    </property>
                    <property name="binding">
                        <value>urn:org:atricore:idbus:sso:bindings:HTTP-POST</value>
                    </property>
                    <property name="location">
                        <value>/PWD/POST</value>
                    </property>
                    <property name="type">
                        <value>urn:oasis:names:tc:SAML:2.0:ac:classes:Password</value>
                    </property>
                </bean>
                <bean class="org.atricore.idbus.kernel.main.mediation.endpoint.IdentityMediationEndpointImpl" name="idp1-basic-authn-claim-channel-cc-sppwd-local">
                    <property name="name">
                        <value>idp1-basic-authn-claim-channel-cc-sppwd-local</value>
                    </property>
                    <property name="binding">
                        <value>urn:org:atricore:idbus:sso:bindings:LOCAL</value>
                    </property>
                    <property name="location">
                        <value>local://IDP1-BASIC-AUTHN-CLAIM-CHANNEL/CC/SPPWD/LOCAL</value>
                    </property>
                    <property name="type">
                        <value>urn:org:atricore:idbus:SAML:2.0:ac:classes:SpSecurePassword</value>
                    </property>
                </bean>
            </list>
        </property>
        <property name="identityMediator">
            <ref bean="idp1-basic-authn-claim-channel-claim-mediator"/>
        </property>
        <property name="federatedProvider">
            <ref bean="idp1"/>
        </property>
        <property name="unitContainer">
            <ref bean="gaedemo-container"/>
        </property>
    </bean>
    <bean class="org.atricore.idbus.capabilities.sso.main.claims.SSOClaimsMediator" name="idp1-basic-authn-claim-channel-claim-mediator">
        <property name="logMessages">
            <value>true</value>
        </property>
        <property name="basicAuthnUILocation">
            <value>/IDBUS-UI/GAEDEMO/IDP1/SSO/LOGIN/SIMPLE</value>
        </property>
        <property name="artifactQueueManager">
            <ref bean="artifactQueueManager"/>
        </property>
        <property name="bindingFactory">
            <bean class="org.atricore.idbus.capabilities.sso.main.binding.SamlR2BindingFactory"/>
        </property>
        <property name="logger">
            <bean class="org.atricore.idbus.kernel.main.mediation.camel.logging.DefaultMediationLogger" name="idp1-basic-authn-claim-channel-mediation-logger">
                <property name="category">
                    <value>com.atricore.demos.gae.wire.idp1-basic-authn-claim-channel</value>
                </property>
                <property name="messageBuilders">
                    <list>
                        <bean class="org.atricore.idbus.capabilities.sso.main.binding.logging.SamlR2LogMessageBuilder"/>
                        <bean class="org.atricore.idbus.kernel.main.mediation.camel.component.logging.CamelLogMessageBuilder"/>
                        <bean class="org.atricore.idbus.kernel.main.mediation.camel.component.logging.HttpLogMessageBuilder"/>
                    </list>
                </property>
            </bean>
        </property>
        <property name="errorUrl">
            <value>http://localhost:8081/IDBUS-UI/GAEDEMO/IDP1/SSO/ERROR</value>
        </property>
        <property name="warningUrl">
            <value>http://localhost:8081/IDBUS-UI/GAEDEMO/IDP1/SSO/WARN/POLICY-ENFORCEMENT</value>
        </property>
        <property name="provisioningTarget">
            <ref bean="idp1-basic-authn-claim-channel-claim-mediator-provisioning-target"/>
        </property>
    </bean>
    <bean class="org.atricore.idbus.kernel.main.mediation.camel.logging.DefaultMediationLogger" name="idp1-basic-authn-claim-channel-mediation-logger">
        <property name="category">
            <value>com.atricore.demos.gae.wire.idp1-basic-authn-claim-channel</value>
        </property>
        <property name="messageBuilders">
            <list>
                <bean class="org.atricore.idbus.capabilities.sso.main.binding.logging.SamlR2LogMessageBuilder"/>
                <bean class="org.atricore.idbus.kernel.main.mediation.camel.component.logging.CamelLogMessageBuilder"/>
                <bean class="org.atricore.idbus.kernel.main.mediation.camel.component.logging.HttpLogMessageBuilder"/>
            </list>
        </property>
    </bean>
    <ns3:reference cardinality="1..1" interface="org.atricore.idbus.kernel.main.provisioning.spi.ProvisioningTarget" id="idp1-basic-authn-claim-channel-claim-mediator-provisioning-target"/>
    <bean class="org.atricore.idbus.capabilities.sts.main.WSTSecurityTokenService" name="idp1-sts">
        <property name="name">
            <value>idp1-sts</value>
        </property>
        <property name="emitters">
            <list>
                <bean class="org.atricore.idbus.capabilities.sso.main.emitter.SamlR2SecurityTokenEmitter" name="idp1-samlr2-assertion-emitter">
                    <property name="id">
                        <value>idp1-samlr2-assertion-emitter</value>
                    </property>
                    <property name="identityPlanRegistry">
                        <ref bean="identity-plans-registry"/>
                    </property>
                    <property name="signer">
                        <ref bean="idp1-samlr2-signer"/>
                    </property>
                </bean>
            </list>
        </property>
        <property name="provisioningTarget">
            <ref bean="idp1-sts-provisioning-target"/>
        </property>
        <property name="artifactQueueManager">
            <ref bean="artifactQueueManager"/>
        </property>
        <property name="authenticators">
            <list>
                <bean class="org.atricore.idbus.capabilities.sts.main.authenticators.PassthroughSecurityTokenAuthenticator"/>
                <bean class="org.atricore.idbus.capabilities.sts.main.authenticators.BasicSecurityTokenAuthenticator">
                    <property name="authenticator">
                        <ref bean="idp1-legacy-authenticator"/>
                    </property>
                </bean>
            </list>
        </property>
    </bean>
    <bean class="org.atricore.idbus.capabilities.sso.main.emitter.SamlR2SecurityTokenEmitter" name="idp1-samlr2-assertion-emitter">
        <property name="id">
            <value>idp1-samlr2-assertion-emitter</value>
        </property>
        <property name="identityPlanRegistry">
            <ref bean="identity-plans-registry"/>
        </property>
        <property name="signer">
            <ref bean="idp1-samlr2-signer"/>
        </property>
    </bean>
    <bean class="org.atricore.idbus.kernel.main.authn.AuthenticatorImpl" name="idp1-legacy-authenticator">
        <property name="authenticationSchemes">
            <list>
                <ref bean="idp1-basic-authn"/>
            </list>
        </property>
    </bean>
    <ns3:reference cardinality="1..1" interface="org.atricore.idbus.kernel.main.provisioning.spi.ProvisioningTarget" id="idp1-sts-provisioning-target"/>
    <bean class="org.atricore.idbus.kernel.main.authn.scheme.UsernamePasswordAuthScheme" name="idp1-basic-authn">
        <property name="priority">
            <value>1</value>
        </property>
        <property name="name">
            <value>basic-authentication</value>
        </property>
        <property name="hashAlgorithm">
            <value>MD5</value>
        </property>
        <property name="hashEncoding">
            <value>HEX</value>
        </property>
        <property name="ignorePasswordCase">
            <value>false</value>
        </property>
        <property name="ignoreUserCase">
            <value>false</value>
        </property>
        <property name="credentialStore">
            <ref bean="iv1-identity-store"/>
        </property>
        <property name="credentialStoreKeyAdapter">
            <bean class="org.atricore.idbus.kernel.main.store.identity.SimpleIdentityStoreKeyAdapter"/>
        </property>
    </bean>
    <bean class="org.atricore.idbus.kernel.main.store.SSOIdentityManagerImpl" name="idp1-identity-manager">
        <property name="identityStore">
            <ref bean="iv1-identity-store"/>
        </property>
        <property name="identityStoreKeyAdapter">
            <bean class="org.atricore.idbus.kernel.main.store.identity.SimpleIdentityStoreKeyAdapter"/>
        </property>
    </bean>
    <bean class="org.atricore.idbus.capabilities.sso.main.idp.IdPSessionEventListener" name="idp1-session-listener">
        <property name="identityProvider">
            <ref bean="idp1"/>
        </property>
    </bean>
    <ns3:service ref="idp1-session-listener" interface="org.atricore.idbus.kernel.main.session.SSOSessionEventListener" id="idp1-session-listener-exporter"/>
</beans>
