<?xml version="1.0" encoding="UTF-8" standalone="yes"?>
<beans xmlns="http://www.springframework.org/schema/beans" xmlns:ns2="http://www.ops4j.org/schema/wicket" xmlns:ns3="http://www.springframework.org/schema/osgi" xmlns:ns4="http://www.springframework.org/schema/tool" xmlns:xsi="http://www.w3.org/2001/XMLSchema-instance" xsi:schemaLocation="http://www.springframework.org/schema/beans http://www.springframework.org/schema/beans/spring-beans-2.5.xsd http://www.springframework.org/schema/osgi http://www.springframework.org/schema/osgi/spring-osgi.xsd http://www.ops4j.org/schema/wicket http://www.ops4j.org/schema/wicket/wicket.xsd ">
    <description>idp1 : IdP UI Configuration generated by Atricore Identity Bus Server on 10 Feb 2014 19:31:38 GMT</description>
    <ns2:application injectionSource="spring" mountPoint="IDBUS-UI/GAEDEMO/IDP1/SSO" applicationName="gaedemo-idp1-sso-ui" class="org.atricore.idbus.capabilities.sso.ui.internal.SSOIdPApplication" id="gaedemo-idp1-sso-ui"/>
    <bean class="org.atricore.idbus.capabilities.sso.ui.WebAppConfig" name="gaedemo-idp1-sso-ui-cfg">
        <property name="appName">
            <value>gaedemo-idp1-sso-ui</value>
        </property>
        <property name="mountPoint">
            <value>IDBUS-UI/GAEDEMO/IDP1/SSO</value>
        </property>
        <property name="brandingId">
            <value>josso2-default-branding</value>
        </property>
        <property name="unitName">
            <value>gaedemo-mediation-unit</value>
        </property>
        <property name="idpName">
            <value>idp1</value>
        </property>
    </bean>
    <ns3:service ref="gaedemo-idp1-sso-ui-cfg" interface="org.atricore.idbus.capabilities.sso.ui.WebAppConfig" id="gaedemo-idp1-sso-ui-cfg-osgi"/>
    <ns2:application injectionSource="spring" mountPoint="IDBUS-UI/GAEDEMO/IDP1/IDCONF" applicationName="gaedemo-idp1-idconf-ui" class="org.atricore.idbus.capabilities.idconfirmation.ui.internal.IdentityConfirmationApplication" id="gaedemo-idp1-idconf-ui"/>
    <bean class="org.atricore.idbus.capabilities.sso.ui.WebAppConfig" name="gaedemo-idp1-idconf-ui-cfg">
        <property name="appName">
            <value>gaedemo-idp1-idconf-ui</value>
        </property>
        <property name="mountPoint">
            <value>IDBUS-UI/GAEDEMO/IDP1/IDCONF</value>
        </property>
        <property name="brandingId">
            <value>josso2-default-branding</value>
        </property>
        <property name="unitName">
            <value>gaedemo-mediation-unit</value>
        </property>
        <property name="idpName">
            <value>idp1</value>
        </property>
    </bean>
    <ns3:service ref="gaedemo-idp1-idconf-ui-cfg" interface="org.atricore.idbus.capabilities.sso.ui.WebAppConfig" id="gaedemo-idp1-idconf-ui-cfg-osgi"/>
</beans>
