<?xml version="1.0" encoding="UTF-8" standalone="yes"?>
<beans xmlns="http://www.springframework.org/schema/beans" xmlns:ns2="http://www.ops4j.org/schema/wicket" xmlns:ns3="http://www.springframework.org/schema/osgi" xmlns:ns4="http://www.springframework.org/schema/tool" xmlns:xsi="http://www.w3.org/2001/XMLSchema-instance" xsi:schemaLocation="http://www.springframework.org/schema/beans http://www.springframework.org/schema/beans/spring-beans-2.5.xsd http://www.springframework.org/schema/osgi http://www.springframework.org/schema/osgi/spring-osgi.xsd http://www.ops4j.org/schema/wicket http://www.ops4j.org/schema/wicket/wicket.xsd ">
    <description>GAE-EE : BP Configuration generated by Atricore Identity Bus Server on 10 Feb 2014 19:31:38 GMT </description>
    <bean class="org.atricore.idbus.kernel.main.mediation.provider.BindingProviderImpl" name="gae-ee">
        <property name="name">
            <value>gae-ee</value>
        </property>
        <property name="role">
            <value>{urn:org:atricore:idbus:josso:metadata}JOSSOAgentDescriptor</value>
        </property>
        <property name="unitContainer">
            <ref bean="gaedemo-container"/>
        </property>
        <property name="cotManager">
            <ref bean="gaedemo-cot-manager"/>
        </property>
        <property name="stateManager">
            <ref bean="gaedemo-state-manager"/>
        </property>
        <property name="bindingChannel">
            <ref bean="gae-ee-josso-binding-channel"/>
        </property>
    </bean>
    <bean class="org.atricore.idbus.capabilities.sso.management.internal.BindingProviderMBeanImpl" name="gae-ee-mbean">
        <property name="bindingProvider">
            <ref bean="gae-ee"/>
        </property>
    </bean>
    <bean class="org.springframework.jmx.export.MBeanExporter" name="gae-ee-mbean-exporter">
        <property name="server">
            <ref bean="mBeanServer"/>
        </property>
        <property name="beans">
            <map>
                <entry value-ref="gae-ee-mbean" key-ref="gae-ee-mbean-key"/>
            </map>
        </property>
    </bean>
    <bean class="java.lang.String" name="gae-ee-mbean-key">
        <constructor-arg type="java.lang.String" index="0">
            <value>com.atricore.demos.gae.idau:type=BindingProvider,name=gaedemo.gae-ee</value>
        </constructor-arg>
    </bean>
    <bean class="org.atricore.idbus.kernel.main.mediation.binding.BindingChannelImpl" name="gae-ee-josso-binding-channel">
        <property name="name">
            <value>gae-ee-josso-binding-channel</value>
        </property>
        <property name="description">
            <value>GAE-EE</value>
        </property>
        <property name="federatedProvider">
            <ref bean="gae-ee"/>
        </property>
        <property name="location">
            <value>http://localhost:8081/IDBUS/GAEDEMO/GAE-EE</value>
        </property>
        <property name="unitContainer">
            <ref bean="gaedemo-container"/>
        </property>
        <property name="identityMediator">
            <ref bean="gae-ee-binding-mediator"/>
        </property>
        <property name="endpoints">
            <list>
                <bean class="org.atricore.idbus.kernel.main.mediation.endpoint.IdentityMediationEndpointImpl" name="gae-ee-binding-ssop-slo-artifact">
                    <property name="name">
                        <value>gae-ee-binding-ssop-slo-artifact</value>
                    </property>
                    <property name="type">
                        <value>{urn:org:atricore:idbus:sso:metadata}SingleLogoutService</value>
                    </property>
                    <property name="binding">
                        <value>urn:org:atricore:idbus:sso:bindings:HTTP-Artifact</value>
                    </property>
                    <property name="location">
                        <value>/SSO/SLO/ARTIFACT</value>
                    </property>
                </bean>
                <bean class="org.atricore.idbus.kernel.main.mediation.endpoint.IdentityMediationEndpointImpl" name="gae-ee-binding-ssop-acs-artifact">
                    <property name="name">
                        <value>gae-ee-binding-ssop-acs-artifact</value>
                    </property>
                    <property name="type">
                        <value>{urn:org:atricore:idbus:sso:metadata}AssertionConsumerService</value>
                    </property>
                    <property name="binding">
                        <value>urn:org:atricore:idbus:sso:bindings:HTTP-Artifact</value>
                    </property>
                    <property name="location">
                        <value>/SSO/ACS/ARTIFACT</value>
                    </property>
                </bean>
                <bean class="org.atricore.idbus.kernel.main.mediation.endpoint.IdentityMediationEndpointImpl" name="gae-ee-binding-josso-sso-redir">
                    <property name="name">
                        <value>gae-ee-binding-josso-sso-redir</value>
                    </property>
                    <property name="type">
                        <value>{urn:org:atricore:idbus:capabilities:josso:services}SingleSignOnService</value>
                    </property>
                    <property name="binding">
                        <value>urn:org:atricore:idbus:sso:bindings:HTTP-Redirect</value>
                    </property>
                    <property name="location">
                        <value>/JOSSO/SSO/REDIR</value>
                    </property>
                </bean>
                <bean class="org.atricore.idbus.kernel.main.mediation.endpoint.IdentityMediationEndpointImpl" name="gae-ee-binding-josso-slo-redir">
                    <property name="name">
                        <value>gae-ee-binding-josso-slo-redir</value>
                    </property>
                    <property name="type">
                        <value>{urn:org:atricore:idbus:capabilities:josso:services}SingleLogoutService</value>
                    </property>
                    <property name="binding">
                        <value>urn:org:atricore:idbus:sso:bindings:HTTP-Redirect</value>
                    </property>
                    <property name="location">
                        <value>/JOSSO/SLO/REDIR</value>
                    </property>
                </bean>
                <bean class="org.atricore.idbus.kernel.main.mediation.endpoint.IdentityMediationEndpointImpl" name="gae-ee-binding-josso-ssoidm-soap">
                    <property name="name">
                        <value>gae-ee-binding-josso-ssoidm-soap</value>
                    </property>
                    <property name="type">
                        <value>{urn:org:atricore:idbus:capabilities:josso:services}SSOIdentityManager</value>
                    </property>
                    <property name="binding">
                        <value>urn:org:atricore:idbus:capabilities:josso:bindings:SOAP</value>
                    </property>
                    <property name="location">
                        <value>/JOSSO/SSOIdentityManager/SOAP</value>
                    </property>
                </bean>
                <bean class="org.atricore.idbus.kernel.main.mediation.endpoint.IdentityMediationEndpointImpl" name="gae-ee-binding-josso-ssoidp-soap">
                    <property name="name">
                        <value>gae-ee-binding-josso-ssoidp-soap</value>
                    </property>
                    <property name="type">
                        <value>{urn:org:atricore:idbus:capabilities:josso:services}SSOIdentityProvider</value>
                    </property>
                    <property name="binding">
                        <value>urn:org:atricore:idbus:capabilities:josso:bindings:SOAP</value>
                    </property>
                    <property name="location">
                        <value>/JOSSO/SSOIdentityProvider/SOAP</value>
                    </property>
                </bean>
                <bean class="org.atricore.idbus.kernel.main.mediation.endpoint.IdentityMediationEndpointImpl" name="gae-ee-binding-josso-ssosm-soap">
                    <property name="name">
                        <value>gae-ee-binding-josso-ssosm-soap</value>
                    </property>
                    <property name="type">
                        <value>{urn:org:atricore:idbus:capabilities:josso:services}SSOSessionManager</value>
                    </property>
                    <property name="binding">
                        <value>urn:org:atricore:idbus:capabilities:josso:bindings:SOAP</value>
                    </property>
                    <property name="location">
                        <value>/JOSSO/SSOSessionManager/SOAP</value>
                    </property>
                </bean>
            </list>
        </property>
    </bean>
    <bean class="org.atricore.idbus.capabilities.josso.main.JossoMediator" name="gae-ee-binding-mediator">
        <property name="logMessages">
            <value>true</value>
        </property>
        <property name="bindingFactory">
            <bean class="org.atricore.idbus.capabilities.josso.main.binding.JossoBindingFactory"/>
        </property>
        <property name="artifactQueueManager">
            <ref bean="artifactQueueManager"/>
        </property>
        <property name="errorUrl">
            <value>http://localhost:8081/IDBUS-UI/GAEDEMO/SSO/ERROR</value>
        </property>
        <property name="warningUrl">
            <value>http://localhost:8081/IDBUS-UI/GAEDEMO/SSO/WARN/POLICY-ENFORCEMENT</value>
        </property>
        <property name="logger">
            <bean class="org.atricore.idbus.kernel.main.mediation.camel.logging.DefaultMediationLogger" name="gae-ee-mediation-logger">
                <property name="category">
                    <value>com.atricore.demos.gae.wire.gae-ee</value>
                </property>
                <property name="messageBuilders">
                    <list>
                        <bean class="org.atricore.idbus.capabilities.josso.main.binding.logging.JossoLogMessageBuilder"/>
                        <bean class="org.atricore.idbus.kernel.main.mediation.camel.component.logging.CamelLogMessageBuilder"/>
                        <bean class="org.atricore.idbus.kernel.main.mediation.camel.component.logging.HttpLogMessageBuilder"/>
                    </list>
                </property>
            </bean>
        </property>
        <property name="partnerAppMappings">
            <map>
                <entry>
                    <key>
                        <value>gaesp</value>
                    </key>
                    <bean class="org.atricore.idbus.capabilities.josso.main.PartnerAppMapping" name="gae-ee-gaepartnerapp-partnerapp-mapping">
                        <property name="partnerAppId">
                            <value>gaesp</value>
                        </property>
                        <property name="spAlias">
                            <value>http://localhost:8081/IDBUS/GAEDEMO/GAESP/SAML2/MD</value>
                        </property>
                        <property name="partnerAppSLO">
                            <value>http://localhost:8080/</value>
                        </property>
                        <property name="partnerAppACS">
                            <value>http://localhost:8080/josso_security_check</value>
                        </property>
                    </bean>
                </entry>
            </map>
        </property>
    </bean>
</beans>
