<?xml version="1.0" encoding="UTF-8" standalone="yes"?>
<beans xmlns="http://www.springframework.org/schema/beans" xmlns:ns2="http://www.ops4j.org/schema/wicket" xmlns:ns3="http://www.springframework.org/schema/osgi" xmlns:ns4="http://www.springframework.org/schema/tool" xmlns:xsi="http://www.w3.org/2001/XMLSchema-instance" xsi:schemaLocation="http://www.springframework.org/schema/beans http://www.springframework.org/schema/beans/spring-beans-2.5.xsd http://www.springframework.org/schema/osgi http://www.springframework.org/schema/osgi/spring-osgi.xsd http://www.ops4j.org/schema/wicket http://www.ops4j.org/schema/wicket/wicket.xsd ">
    <description>contactssp : SP Configuration generated by Atricore Identity Bus Server on 23 Jan 2013 16:15:34 GMT </description>
    <bean class="org.atricore.idbus.kernel.main.mediation.provider.ServiceProviderImpl" name="contactssp">
        <property name="name">
            <value>contactssp</value>
        </property>
        <property name="role">
            <value>{urn:oasis:names:tc:SAML:2.0:metadata}SPSSODescriptor</value>
        </property>
        <property name="unitContainer">
            <ref bean="spring-security-demo-container"/>
        </property>
        <property name="cotManager">
            <ref bean="spring-security-demo-cot-manager"/>
        </property>
        <property name="stateManager">
            <ref bean="spring-security-demo-state-manager"/>
        </property>
        <property name="defaultFederationService">
            <ref bean="contactssp-sso-default-svc"/>
        </property>
        <property name="bindingChannel">
            <ref bean="contactssp-contacts-josso1-rsrc"/>
        </property>
    </bean>
    <bean class="org.atricore.idbus.capabilities.sso.main.sp.SSOSPMediator" name="contactssp-samlr2-mediator">
        <property name="preferredIdpAlias">
            <value>http://localhost:8081/IDBUS/SPRING-SECURITY-DEMO/IDP1/SAML2/MD</value>
        </property>
        <property name="preferredIdpSSOBinding">
            <value>urn:oasis:names:tc:SAML:2.0:bindings:HTTP-Artifact</value>
        </property>
        <property name="preferredIdpSLOBinding">
            <value>urn:oasis:names:tc:SAML:2.0:bindings:HTTP-Artifact</value>
        </property>
        <property name="spBindingACS">
            <value>http://localhost:8081/IDBUS/SPRING-SECURITY-DEMO/JETTY/SSO/ACS/ARTIFACT</value>
        </property>
        <property name="spBindingSLO">
            <value>http://localhost:8081/IDBUS/SPRING-SECURITY-DEMO/JETTY/SSO/SLO/ARTIFACT</value>
        </property>
        <property name="idpSelector">
            <value>http://localhost:8081/IDBUS/SPRING-SECURITY-DEMO/SSO/SELECTOR/IDP</value>
        </property>
        <property name="logMessages">
            <value>true</value>
        </property>
        <property name="artifactQueueManager">
            <ref bean="artifactQueueManager"/>
        </property>
        <property name="bindingFactory">
            <bean class="org.atricore.idbus.capabilities.sso.main.binding.SamlR2BindingFactory"/>
        </property>
        <property name="logger">
            <bean class="org.atricore.idbus.kernel.main.mediation.camel.logging.DefaultMediationLogger" name="contactssp-mediation-logger">
                <property name="category">
                    <value>org.atricore.samples.springsecurity.spring-security-demo.wire.contactssp</value>
                </property>
                <property name="messageBuilders">
                    <list>
                        <bean class="org.atricore.idbus.capabilities.sso.main.binding.logging.SamlR2LogMessageBuilder"/>
                        <bean class="org.atricore.idbus.capabilities.sso.main.binding.logging.SSOLogMessageBuilder"/>
                        <bean class="org.atricore.idbus.kernel.main.mediation.camel.component.logging.CamelLogMessageBuilder"/>
                        <bean class="org.atricore.idbus.kernel.main.mediation.camel.component.logging.HttpLogMessageBuilder"/>
                    </list>
                </property>
            </bean>
        </property>
        <property name="errorUrl">
            <value>http://localhost:8081/IDBUS-UI/SPRING-SECURITY-DEMO/SSO/ERROR</value>
        </property>
        <property name="warningUrl">
            <value>http://localhost:8081/IDBUS-UI/SPRING-SECURITY-DEMO/SSO/WARN/POLICY-ENFORCEMENT</value>
        </property>
        <property name="signer">
            <ref bean="contactssp-samlr2-signer"/>
        </property>
        <property name="signRequests">
            <value>false</value>
        </property>
        <property name="validateRequestsSignature">
            <value>false</value>
        </property>
        <property name="encrypter">
            <ref bean="contactssp-samlr2-encrypter"/>
        </property>
    </bean>
    <bean init-method="init" class="org.atricore.idbus.capabilities.sso.support.core.signature.JSR105SamlR2SignerImpl" name="contactssp-samlr2-signer">
        <description/>
        <property name="keyResolver">
            <bean class="org.atricore.idbus.capabilities.sso.support.core.SSOKeystoreKeyResolver">
                <property name="keystoreType">
                    <value>JKS</value>
                </property>
                <property name="keystoreFile">
                    <value>classpath:org/atricore/samples/springsecurity/idau/contactssp/idp1-keystore.jks</value>
                </property>
                <property name="keystorePass">
                    <value>ATRICORE</value>
                </property>
                <property name="privateKeyAlias">
                    <value>josso-sp1</value>
                </property>
                <property name="privateKeyPass">
                    <value>ATRICORE</value>
                </property>
                <property name="certificateAlias">
                    <value>josso-sp1</value>
                </property>
            </bean>
        </property>
    </bean>
    <bean class="org.atricore.idbus.capabilities.sso.support.core.encryption.XmlSecurityEncrypterImpl" name="contactssp-samlr2-encrypter">
        <property name="symmetricKeyAlgorithmURI">
            <value>http://www.w3.org/2001/04/xmlenc#aes128-cbc</value>
        </property>
        <property name="kekAlgorithmURI">
            <value>http://www.w3.org/2001/04/xmlenc#rsa-1_5</value>
        </property>
        <property name="keyResolver">
            <bean class="org.atricore.idbus.capabilities.sso.support.core.SSOKeystoreKeyResolver">
                <property name="keystoreType">
                    <value>JKS</value>
                </property>
                <property name="keystoreFile">
                    <value>classpath:org/atricore/samples/springsecurity/idau/contactssp/idp1-keystore.jks</value>
                </property>
                <property name="keystorePass">
                    <value>ATRICORE</value>
                </property>
                <property name="privateKeyAlias">
                    <value>josso-sp1</value>
                </property>
                <property name="privateKeyPass">
                    <value>ATRICORE</value>
                </property>
                <property name="certificateAlias">
                    <value>josso-sp1</value>
                </property>
            </bean>
        </property>
    </bean>
    <bean class="org.atricore.idbus.kernel.main.federation.AccountLinkLifecycleImpl" name="contactssp-account-link-lifecycle"/>
    <bean class="org.atricore.idbus.capabilities.sso.management.internal.ServiceProviderMBeanImpl" name="contactssp-mbean">
        <property name="serviceProvider">
            <ref bean="contactssp"/>
        </property>
    </bean>
    <bean class="org.springframework.jmx.export.MBeanExporter" name="contactssp-mbean-exporter">
        <property name="server">
            <ref bean="mBeanServer"/>
        </property>
        <property name="beans">
            <map>
                <entry value-ref="contactssp-mbean" key-ref="contactssp-mbean-key"/>
            </map>
        </property>
    </bean>
    <bean class="java.lang.String" name="contactssp-mbean-key">
        <constructor-arg type="java.lang.String" index="0">
            <value>org.atricore.samples.springsecurity.idau:type=InternalSaml2ServiceProvider,name=spring-security-demo.contactssp</value>
        </constructor-arg>
    </bean>
    <bean class="org.atricore.idbus.kernel.main.session.service.SSOSessionManagerImpl" name="contactssp-session-manager">
        <property name="maxInactiveInterval">
            <value>500</value>
        </property>
        <property name="maxSessionsPerUser">
            <value>-1</value>
        </property>
        <property name="invalidateExceedingSessions">
            <value>false</value>
        </property>
        <property name="sessionMonitorInterval">
            <value>10000</value>
        </property>
        <property name="sessionIdGenerator">
            <bean class="org.atricore.idbus.kernel.main.session.service.SessionIdGeneratorImpl">
                <property name="algorithm">
                    <value>MD5</value>
                </property>
            </bean>
        </property>
        <property name="sessionStore">
            <bean init-method="init" class="org.atricore.idbus.idojos.ehcachesessionstore.EHCacheSessionStore">
                <property name="cacheManager">
                    <ref bean="spring-security-demo-cache-manager"/>
                </property>
                <property name="cacheName">
                    <value>spring-security-demo-contactssp-sessionsCache</value>
                </property>
            </bean>
        </property>
    </bean>
    <bean class="org.atricore.idbus.kernel.main.mediation.provider.FederationServiceImpl" name="contactssp-sso-default-svc">
        <property name="serviceType">
            <value>urn:oasis:names:tc:SAML:2.0</value>
        </property>
        <property name="name">
            <value>contactssp-sso-default-svc</value>
        </property>
        <property name="channel">
            <ref bean="contactssp-sso-default-idp-channel"/>
        </property>
    </bean>
    <bean class="org.atricore.idbus.kernel.main.federation.metadata.ResourceCircleOfTrustMemberDescriptorImpl" name="contactssp-md">
        <property name="id">
            <value>kt9PAKt4yhjLycqawz1CjXKL8MY=</value>
        </property>
        <property name="alias">
            <value>http://localhost:8081/IDBUS/SPRING-SECURITY-DEMO/SP1/SAML2/MD</value>
        </property>
        <property name="resource">
            <value>classpath:org/atricore/samples/springsecurity/idau/contactssp/contactssp-samlr2-metadata.xml</value>
        </property>
        <property name="metadataIntrospector">
            <bean class="org.atricore.idbus.capabilities.sso.main.SamlR2MetadataDefinitionIntrospector"/>
        </property>
    </bean>
    <bean class="org.atricore.idbus.kernel.main.mediation.channel.IdPChannelImpl" name="contactssp-sso-default-idp-channel">
        <property name="name">
            <value>contactssp-sso-default-idp-channel</value>
        </property>
        <property name="description">
            <value>contactssp</value>
        </property>
        <property name="location">
            <value>http://localhost:8081/IDBUS/SPRING-SECURITY-DEMO/SP1</value>
        </property>
        <property name="provider">
            <ref bean="contactssp"/>
        </property>
        <property name="sessionManager">
            <ref bean="contactssp-session-manager"/>
        </property>
        <property name="member">
            <ref bean="contactssp-md"/>
        </property>
        <property name="identityMediator">
            <ref bean="contactssp-samlr2-mediator"/>
        </property>
        <property name="accountLinkLifecycle">
            <ref bean="contactssp-account-link-lifecycle"/>
        </property>
        <property name="accountLinkEmitter">
            <ref bean="contactssp-account-link-emitter"/>
        </property>
        <property name="identityMapper">
            <ref bean="contactssp-identity-mapper"/>
        </property>
        <property name="endpoints">
            <list>
                <bean class="org.atricore.idbus.kernel.main.mediation.endpoint.IdentityMediationEndpointImpl" name="contactssp-sso-default-idp-channel-saml2-slo-http-post">
                    <property name="name">
                        <value>contactssp-sso-default-idp-channel-saml2-slo-http-post</value>
                    </property>
                    <property name="type">
                        <value>{urn:oasis:names:tc:SAML:2.0:metadata}SingleLogoutService</value>
                    </property>
                    <property name="binding">
                        <value>urn:oasis:names:tc:SAML:2.0:bindings:HTTP-POST</value>
                    </property>
                    <property name="identityPlans">
                        <list>
                            <ref bean="contactssp-sso-default-idp-channel-spsso-samlr2sloreq-to-samlr2resp-plan"/>
                        </list>
                    </property>
                </bean>
                <bean class="org.atricore.idbus.kernel.main.mediation.endpoint.IdentityMediationEndpointImpl" name="contactssp-sso-default-idp-channel-saml2-slo-soap">
                    <property name="name">
                        <value>contactssp-sso-default-idp-channel-saml2-slo-soap</value>
                    </property>
                    <property name="type">
                        <value>{urn:oasis:names:tc:SAML:2.0:metadata}SingleLogoutService</value>
                    </property>
                    <property name="binding">
                        <value>urn:oasis:names:tc:SAML:2.0:bindings:SOAP</value>
                    </property>
                    <property name="identityPlans">
                        <list>
                            <ref bean="contactssp-sso-default-idp-channel-spsso-samlr2sloreq-to-samlr2resp-plan"/>
                        </list>
                    </property>
                </bean>
                <bean class="org.atricore.idbus.kernel.main.mediation.endpoint.IdentityMediationEndpointImpl" name="contactssp-sso-default-idp-channel-saml2-slo-local">
                    <property name="name">
                        <value>contactssp-sso-default-idp-channel-saml2-slo-local</value>
                    </property>
                    <property name="type">
                        <value>{urn:oasis:names:tc:SAML:2.0:metadata}SingleLogoutService</value>
                    </property>
                    <property name="binding">
                        <value>urn:oasis:names:tc:SAML:2.0:bindings:LOCAL</value>
                    </property>
                    <property name="location">
                        <value>local://SPRING-SECURITY-DEMO/SP1/SAML2/SLO/LOCAL</value>
                    </property>
                    <property name="identityPlans">
                        <list>
                            <ref bean="contactssp-sso-default-idp-channel-spsso-samlr2sloreq-to-samlr2resp-plan"/>
                        </list>
                    </property>
                </bean>
                <bean class="org.atricore.idbus.kernel.main.mediation.endpoint.IdentityMediationEndpointImpl" name="contactssp-sso-default-idp-channel-saml2-ac-http-post">
                    <property name="name">
                        <value>contactssp-sso-default-idp-channel-saml2-ac-http-post</value>
                    </property>
                    <property name="type">
                        <value>{urn:oasis:names:tc:SAML:2.0:metadata}AssertionConsumerService</value>
                    </property>
                    <property name="binding">
                        <value>urn:oasis:names:tc:SAML:2.0:bindings:HTTP-POST</value>
                    </property>
                    <property name="identityPlans">
                        <list>
                            <ref bean="contactssp-sso-default-idp-channel-idpunsolicitedresponse-to-subject-plan"/>
                            <ref bean="contactssp-sso-default-idp-channel-samlr2authnresp-to-ssospauthnresp-plan"/>
                        </list>
                    </property>
                </bean>
                <bean class="org.atricore.idbus.kernel.main.mediation.endpoint.IdentityMediationEndpointImpl" name="contactssp-sso-default-idp-channel-saml2-ar-soap">
                    <property name="name">
                        <value>contactssp-sso-default-idp-channel-saml2-ar-soap</value>
                    </property>
                    <property name="type">
                        <value>{urn:oasis:names:tc:SAML:2.0:metadata}ArtifactResolutionService</value>
                    </property>
                    <property name="binding">
                        <value>urn:oasis:names:tc:SAML:2.0:bindings:SOAP</value>
                    </property>
                    <property name="identityPlans">
                        <list>
                            <ref bean="contactssp-sso-default-idp-channel-samlr2artresolve-to-samlr2artresponse-plan"/>
                            <ref bean="contactssp-sso-default-idp-channel-samlr2art-to-samlr2artresolve-plan"/>
                        </list>
                    </property>
                </bean>
                <bean class="org.atricore.idbus.kernel.main.mediation.endpoint.IdentityMediationEndpointImpl" name="contactssp-sso-default-idp-channel-saml2-ar-local">
                    <property name="name">
                        <value>contactssp-sso-default-idp-channel-saml2-ar-local</value>
                    </property>
                    <property name="type">
                        <value>{urn:oasis:names:tc:SAML:2.0:metadata}ArtifactResolutionService</value>
                    </property>
                    <property name="binding">
                        <value>urn:oasis:names:tc:SAML:2.0:bindings:LOCAL</value>
                    </property>
                    <property name="identityPlans">
                        <list>
                            <ref bean="contactssp-sso-default-idp-channel-samlr2artresolve-to-samlr2artresponse-plan"/>
                            <ref bean="contactssp-sso-default-idp-channel-samlr2art-to-samlr2artresolve-plan"/>
                        </list>
                    </property>
                </bean>
                <bean class="org.atricore.idbus.kernel.main.mediation.endpoint.IdentityMediationEndpointImpl" name="contactssp-sso-default-idp-channel-sso-cc-local">
                    <property name="name">
                        <value>contactssp-sso-default-idp-channel-sso-cc-local</value>
                    </property>
                    <property name="type">
                        <value>{urn:org:atricore:idbus:sso:metadata}CredentialsCallbackService</value>
                    </property>
                    <property name="binding">
                        <value>urn:org:atricore:idbus:sso:bindings:LOCAL</value>
                    </property>
                    <property name="location">
                        <value>local://SPRING-SECURITY-DEMO/SP1/CCBACK/LOCAL</value>
                    </property>
                </bean>
            </list>
        </property>
    </bean>
    <bean class="org.atricore.idbus.capabilities.sso.support.federation.OneToOneAccountLinkEmitter" name="contactssp-account-link-emitter"/>
    <bean class="org.atricore.idbus.capabilities.sso.support.federation.RemoteSubjectIdentityMapper" name="contactssp-identity-mapper">
        <property name="useLocalId">
            <value>false</value>
        </property>
    </bean>
    <bean class="org.atricore.idbus.capabilities.sso.main.sp.plans.SamlR2SloRequestToSamlR2RespPlan" name="contactssp-sso-default-idp-channel-spsso-samlr2sloreq-to-samlr2resp-plan">
        <property name="bpmsManager">
            <ref bean="bpms-manager"/>
        </property>
    </bean>
    <bean class="org.atricore.idbus.capabilities.sso.main.sp.plans.SPInitiatedAuthnReqToSamlR2AuthnReqPlan" name="contactssp-sso-default-idp-channel-idpunsolicitedresponse-to-subject-plan">
        <property name="bpmsManager">
            <ref bean="bpms-manager"/>
        </property>
    </bean>
    <bean class="org.atricore.idbus.capabilities.sso.main.sp.plans.SamlR2AuthnResponseToSPAuthnResponse" name="contactssp-sso-default-idp-channel-samlr2authnresp-to-ssospauthnresp-plan">
        <property name="bpmsManager">
            <ref bean="bpms-manager"/>
        </property>
    </bean>
    <bean class="org.atricore.idbus.capabilities.sso.main.binding.plans.SamlR2ArtifactResolveToSamlR2ArtifactResponsePlan" name="contactssp-sso-default-idp-channel-samlr2artresolve-to-samlr2artresponse-plan">
        <property name="bpmsManager">
            <ref bean="bpms-manager"/>
        </property>
    </bean>
    <bean class="org.atricore.idbus.capabilities.sso.main.binding.plans.SamlR2ArtifactToSamlR2ArtifactResolvePlan" name="contactssp-sso-default-idp-channel-samlr2art-to-samlr2artresolve-plan">
        <property name="bpmsManager">
            <ref bean="bpms-manager"/>
        </property>
    </bean>
    <bean class="org.atricore.idbus.kernel.main.mediation.binding.BindingChannelImpl" name="contactssp-contacts-josso1-rsrc">
        <property name="name">
            <value>contactssp-contacts-josso1-rsrc</value>
        </property>
        <property name="description">
            <value>JOSSO 1 Resource binding channel for contactssp :  contacts[appId:contactssp]</value>
        </property>
        <property name="unitContainer">
            <ref bean="spring-security-demo-container"/>
        </property>
        <property name="provider">
            <ref bean="contactssp"/>
        </property>
        <property name="location">
            <value>http://localhost:8081/IDBUS/SPRING-SECURITY-DEMO/SP1</value>
        </property>
        <property name="identityMediator">
            <ref bean="contactssp-samlr2-mediator"/>
        </property>
        <property name="endpoints">
            <list>
                <bean class="org.atricore.idbus.kernel.main.mediation.endpoint.IdentityMediationEndpointImpl" name="contactssp-sso-sso-http-redirect">
                    <property name="name">
                        <value>contactssp-sso-sso-http-redirect</value>
                    </property>
                    <property name="type">
                        <value>{urn:org:atricore:idbus:sso:metadata}SPInitiatedSingleSignOnService</value>
                    </property>
                    <property name="binding">
                        <value>urn:org:atricore:idbus:sso:bindings:HTTP-Redirect</value>
                    </property>
                    <property name="location">
                        <value>/SSO/SSO/REDIR</value>
                    </property>
                    <property name="identityPlans">
                        <list>
                            <ref bean="contactssp-spinitiatedauthnreq-to-samlr2autnreq-plan"/>
                        </list>
                    </property>
                </bean>
                <bean class="org.atricore.idbus.kernel.main.mediation.endpoint.IdentityMediationEndpointImpl" name="contactssp-sso-sso-http-artifact">
                    <property name="name">
                        <value>contactssp-sso-sso-http-artifact</value>
                    </property>
                    <property name="type">
                        <value>{urn:org:atricore:idbus:sso:metadata}SPInitiatedSingleSignOnService</value>
                    </property>
                    <property name="binding">
                        <value>urn:org:atricore:idbus:sso:bindings:HTTP-Artifact</value>
                    </property>
                    <property name="location">
                        <value>/SSO/SSO/ARTIFACT</value>
                    </property>
                    <property name="identityPlans">
                        <list>
                            <ref bean="contactssp-spinitiatedauthnreq-to-samlr2autnreq-plan"/>
                        </list>
                    </property>
                </bean>
                <bean class="org.atricore.idbus.kernel.main.mediation.endpoint.IdentityMediationEndpointImpl" name="contactssp-sso-slo-http-redirect">
                    <property name="name">
                        <value>contactssp-sso-slo-http-redirect</value>
                    </property>
                    <property name="type">
                        <value>{urn:org:atricore:idbus:sso:metadata}SPInitiatedSingleLogoutService</value>
                    </property>
                    <property name="binding">
                        <value>urn:org:atricore:idbus:sso:bindings:HTTP-Redirect</value>
                    </property>
                    <property name="location">
                        <value>/SSO/SLO/REDIR</value>
                    </property>
                    <property name="identityPlans">
                        <list>
                            <ref bean="contactssp-spinitiatedsloreq-to-samlr2sloreq-plan"/>
                        </list>
                    </property>
                </bean>
                <bean class="org.atricore.idbus.kernel.main.mediation.endpoint.IdentityMediationEndpointImpl" name="contactssp-sso-slo-http-artifact">
                    <property name="name">
                        <value>contactssp-sso-slo-http-artifact</value>
                    </property>
                    <property name="type">
                        <value>{urn:org:atricore:idbus:sso:metadata}SPInitiatedSingleLogoutService</value>
                    </property>
                    <property name="binding">
                        <value>urn:org:atricore:idbus:sso:bindings:HTTP-Artifact</value>
                    </property>
                    <property name="location">
                        <value>/SSO/SLO/ARTIFACT</value>
                    </property>
                    <property name="identityPlans">
                        <list>
                            <ref bean="contactssp-spinitiatedsloreq-to-samlr2sloreq-plan"/>
                        </list>
                    </property>
                </bean>
                <bean class="org.atricore.idbus.kernel.main.mediation.endpoint.IdentityMediationEndpointImpl" name="contactssp-sso-aisauth-soap">
                    <property name="name">
                        <value>contactssp-sso-aisauth-soap</value>
                    </property>
                    <property name="type">
                        <value>{urn:org:atricore:idbus:sso:metadata}AssertIdentityWithSimpleAuthenticationService</value>
                    </property>
                    <property name="binding">
                        <value>urn:org:atricore:idbus:sso:bindings:SOAP</value>
                    </property>
                    <property name="location">
                        <value>/SSO/IAAUTHN/SOAP</value>
                    </property>
                    <property name="identityPlans">
                        <list>
                            <ref bean="contactssp-spinitiatedsloreq-to-samlr2sloreq-plan"/>
                            <ref bean="contactssp-spsessionheartbeatreq-to-samlr2autnreq-plan"/>
                        </list>
                    </property>
                </bean>
                <bean class="org.atricore.idbus.kernel.main.mediation.endpoint.IdentityMediationEndpointImpl" name="contactssp-sso-aisauth-local">
                    <property name="name">
                        <value>contactssp-sso-aisauth-local</value>
                    </property>
                    <property name="type">
                        <value>{urn:org:atricore:idbus:sso:metadata}AssertIdentityWithSimpleAuthenticationService</value>
                    </property>
                    <property name="binding">
                        <value>urn:org:atricore:idbus:sso:bindings:LOCAL</value>
                    </property>
                    <property name="location">
                        <value>local://SPRING-SECURITY-DEMO/SP1/SSO/IAAUTHN/LOCAL</value>
                    </property>
                    <property name="identityPlans">
                        <list>
                            <ref bean="contactssp-spinitiatedsloreq-to-samlr2sloreq-plan"/>
                            <ref bean="contactssp-spsessionheartbeatreq-to-samlr2autnreq-plan"/>
                        </list>
                    </property>
                </bean>
                <bean class="org.atricore.idbus.kernel.main.mediation.endpoint.IdentityMediationEndpointImpl" name="contactssp-sso-shb-soap">
                    <property name="name">
                        <value>contactssp-sso-shb-soap</value>
                    </property>
                    <property name="type">
                        <value>{urn:org:atricore:idbus:sso:metadata}SPSessionHeartBeatService</value>
                    </property>
                    <property name="binding">
                        <value>urn:org:atricore:idbus:sso:bindings:SOAP</value>
                    </property>
                    <property name="location">
                        <value>/SSO/SSHB/SOAP</value>
                    </property>
                </bean>
                <bean class="org.atricore.idbus.kernel.main.mediation.endpoint.IdentityMediationEndpointImpl" name="contactssp-sso-shb-local">
                    <property name="name">
                        <value>contactssp-sso-shb-local</value>
                    </property>
                    <property name="type">
                        <value>{urn:org:atricore:idbus:sso:metadata}SPSessionHeartBeatService</value>
                    </property>
                    <property name="binding">
                        <value>urn:org:atricore:idbus:sso:bindings:LOCAL</value>
                    </property>
                    <property name="location">
                        <value>local://SPRING-SECURITY-DEMO/SP1/SSO/SSHB/LOCAL</value>
                    </property>
                </bean>
            </list>
        </property>
    </bean>
    <bean class="org.atricore.idbus.capabilities.sso.main.sp.plans.SPInitiatedAuthnReqToSamlR2AuthnReqPlan" name="contactssp-spinitiatedauthnreq-to-samlr2autnreq-plan">
        <property name="bpmsManager">
            <ref bean="bpms-manager"/>
        </property>
    </bean>
    <bean class="org.atricore.idbus.capabilities.sso.main.sp.plans.SPInitiatedLogoutReqToSamlR2LogoutReqPlan" name="contactssp-spinitiatedsloreq-to-samlr2sloreq-plan">
        <property name="bpmsManager">
            <ref bean="bpms-manager"/>
        </property>
    </bean>
    <bean class="org.atricore.idbus.capabilities.sso.main.sp.plans.SPSessionHeartBeatReqToSamlR2AuthnReqPlan" name="contactssp-spsessionheartbeatreq-to-samlr2autnreq-plan">
        <property name="bpmsManager">
            <ref bean="bpms-manager"/>
        </property>
    </bean>
</beans>
